<?xml version="1.0" encoding="UTF-8" ?>
<!DOCTYPE mapper PUBLIC "-//mybatis.org//DTD Mapper 3.0//EN" "http://mybatis.org/dtd/mybatis-3-mapper.dtd" >
<mapper namespace="com.wyait.manage.dao.UserRoleMapper" >
  <resultMap id="BaseResultMap" type="com.wyait.manage.pojo.UserRoleKey" >
    <id column="user_id" property="userId" jdbcType="INTEGER" />
    <id column="role_id" property="roleId" jdbcType="INTEGER" />
  </resultMap>
  <delete id="deleteByPrimaryKey" parameterType="com.wyait.manage.pojo.UserRoleKey" >
    delete from user_role
    where user_id = #{userId,jdbcType=INTEGER}
      and role_id = #{roleId,jdbcType=INTEGER}
  </delete>
  <insert id="insert" parameterType="com.wyait.manage.pojo.UserRoleKey" >
    insert into user_role (user_id, role_id)
    values (#{userId,jdbcType=INTEGER}, #{roleId,jdbcType=INTEGER})
  </insert>
  <insert id="insertSelective" parameterType="com.wyait.manage.pojo.UserRoleKey" >
    insert into user_role
    <trim prefix="(" suffix=")" suffixOverrides="," >
      <if test="userId != null" >
        user_id,
      </if>
      <if test="roleId != null" >
        role_id,
      </if>
    </trim>
    <trim prefix="values (" suffix=")" suffixOverrides="," >
      <if test="userId != null" >
        #{userId,jdbcType=INTEGER},
      </if>
      <if test="roleId != null" >
        #{roleId,jdbcType=INTEGER},
      </if>
    </trim>
  </insert>

  <!--=Start findByUserId 根据用户获取用户角色中间表 -->
  <select id="findByUserId" resultType="UserRoleKey">
    SELECT
    user_id,role_id
    FROM user_role WHERE user_id=#{userId}
  </select>
  <!--= End findByUserId 根据用户获取用户角色中间表 -->
</mapper>